<application>
  <component name="BuiltInServerOptions" builtInServerPort="8081" builtInServerAvailableExternally="true" allowUnsignedRequests="true" />
  <component name="NodeJsLocalInterpreters">
    <local-interpreter path="C:/Program Files/nodejs/node.exe">
      <version-cache version="14.8.0" last-modified="1599553709191" />
    </local-interpreter>
  </component>
  <component name="PropertiesComponent">
    <property name="ColorChooser.RecentColors" value="255-60-84-255" />
    <property name="Copy.OpenInEditor" value="true" />
    <property name="Darcula.SavedEditorTheme" value="_@user_Darcula" />
    <property name="Default.SavedEditorTheme" value="_@user_Default" />
    <property name="FileTemplates.SelectedTemplate" value="HTML File" />
    <property name="FindSplitterProportion" value="0.20496894" />
    <property name="KEYMAP" value="javascript" />
    <property name="PluginConfigurable.selectionTab" value="1" />
    <property name="SettingsSearchHistory" value="todo&#10;block&#10;eslint&#10;tabs&#10;plugin" />
    <property name="ShowDocumentationInToolWindow" value="true" />
    <property name="SplitFileEditor.Proportion" value="0.85" />
    <property name="TextEditorWithPreview.SplitterProportionKey" value="0.8372093" />
    <property name="TrendingPluginsSearchHistory" value="eslint&#10;esliint&#10;git&#10;CodeGlance" />
    <property name="WebStorm.enableDefaultTooltipFixes" value="true" />
    <property name="WebStorm.enableSmartQuotes" value="true" />
    <property name="WebStorm.initialConfigurationShown" value="true" />
    <property name="com.intellij.history.integration.ui.views.FileHistoryDialog.0" value="174" />
    <property name="com.intellij.history.integration.ui.views.FileHistoryDialog.1" value="800" />
    <property name="file.chooser.recent.files" value="$USER_HOME$/Desktop/server-domain/nginx-1.16.0&#10;C:/Users/vivo__fans/Desktop/server-domain/server-domain&#10;D:/________RS___/vue3x/hello-vue3&#10;D:/________RS___/demo-list&#10;D:/________RS___/vue3x&#10;C:/Users/vivo__fans/Pictures/壁纸/minren.jpg&#10;D:/GitHub__Vue__project/0715_gshop-client&#10;D:/______zhixueyun________/cli4x/v2&#10;C:/Users/vivo__fans/Desktop/CSS命名规范-BEM.md&#10;D:/________RS___/workspace/legacy-frontend/vue/node_modules&#10;D:/________RS___/workspace/legacy-frontend/vue&#10;D:/________RS___/workspace/legacy-frontend&#10;C:/Users/vivo__fans/Desktop/uni/my-alpha-project&#10;D:/______zhixueyun________/cli4x/v3&#10;C:/Users/vivo__fans/Desktop/vite-demo/my-vue3" />
    <property name="file.gist.reindex.count" value="106746" />
    <property name="fileTypeChangedCounter" value="1" />
    <property name="idea.background.editor" value="C:\Users\vivo__fans\Pictures\壁纸\minren.jpg,15,scale,center" />
    <property name="javascript.return.tag" value="return" />
    <property name="js.chrome.debugger.port.98ca6316-2f89-46d9-a9e5-fa9e2b0625b3" value="63205" />
    <property name="org.intellij.images.editor.actions.BackgroundImageDialog#recent" value="C:\Users\vivo__fans\Pictures\壁纸\minren.jpg" />
    <property name="selected.color.option.type" value="CUSTOM_KEYWORD4_ATTRIBUTES" />
    <property name="settings.code.style.selected.tab.JavaScript" value="Punctuation" />
    <property name="ts.lib.d.ts.version" value="3.2.1" />
  </component>
  <component name="SvnApplicationSettings">
    <option name="myCheckoutURLs">
      <list>
        <option value="https://LAPTOP-KEEKBNCA/svn/WebstormSVN/" />
      </list>
    </option>
    <option name="myTypedURLs">
      <list>
        <option value="https://LAPTOP-KEEKBNCA/svn/WebstormSVN/" />
        <option value="https://LAPTOP-KEEKBNCA/svn/Webstorm/" />
      </list>
    </option>
  </component>
</application>