<keymap version="1" name="Default copy" parent="$default">
  <action id="Git.Log.Branches.Change.Branch.Filter">
    <keyboard-shortcut first-keystroke="enter" />
  </action>
  <action id="IlluminatedCloud.SaveAll">
    <keyboard-shortcut first-keystroke="ctrl s" />
  </action>
  <action id="Javascript.Linters.EsLint.Fix">
    <keyboard-shortcut first-keystroke="ctrl alt windows" />
    <keyboard-shortcut first-keystroke="shift w" />
  </action>
  <action id="ReformatWithPrettierAction">
    <keyboard-shortcut first-keystroke="shift ctrl alt p" />
    <keyboard-shortcut first-keystroke="shift ctrl alt a" />
    <keyboard-shortcut first-keystroke="shift q" />
  </action>
  <action id="SaveAll" />
  <action id="Stylelint.Fix">
    <keyboard-shortcut first-keystroke="shift s" />
  </action>
  <action id="TsLintFileFixAction">
    <keyboard-shortcut first-keystroke="shift ctrl alt s" />
  </action>
</keymap>