<application>
  <component name="AtomFileIconsConfig">
    <option name="enabledDirectories" value="false" />
    <option name="enabledPsiIcons" value="false" />
    <option name="enabledUIIcons" value="false" />
    <option name="themedColorEnabled" value="true" />
    <option name="isEnabledDirectories" value="false" />
    <option name="isEnabledUIIcons" value="false" />
    <option name="monochromeColor" value="c6c10c" />
    <option name="isEnabledPsiIcons" value="false" />
    <option name="arrowsStyle" value="Darcula" />
    <option name="accentColor" value="b8cfe5" />
    <option name="isThemedColorEnabled" value="true" />
    <option name="themedColor" value="33aa69" />
  </component>
</application>