<application>
  <component name="FileTypeManager" version="18">
    <extensionMap>
      <mapping pattern="QuestionItemFooter.tsx" type="AUTO_DETECTED" />
      <mapping pattern="xxx.md" type="AUTO_DETECTED" />
      <mapping pattern="md" type="PLAIN_TEXT" />
      <mapping pattern="路由组件是靠什么来确定父关系的,靠什么来确定兄弟关系的" type="PLAIN_TEXT" />
      <mapping pattern="md.md" type="PLAIN_TEXT" />
      <mapping pattern="路由组件是靠什么来确定父关系的,靠什么来确定兄弟关系的.txt" type="PLAIN_TEXT" />
      <mapping pattern="aaa" type="PLAIN_TEXT" />
      <mapping pattern=".browserslistrc" type="PLAIN_TEXT" />
      <mapping ext="bak" type="PLAIN_TEXT" />
      <mapping ext="小实验html" type="PLAIN_TEXT" />
      <mapping ext="svelte" type="PLAIN_TEXT" />
      <mapping ext="2js" type="PLAIN_TEXT" />
      <mapping ext="mmap" type="PLAIN_TEXT" />
    </extensionMap>
  </component>
</application>