<application>
  <component name="PowerModeII">
    <option name="customBamImageFolder" value="D:\Webstrom\WebStorm 2021.1.2\jbr\bin" />
    <option name="customFlameImageFolder" value="D:\Webstrom\WebStorm 2021.1.2\jbr\bin" />
    <option name="heatup" value="16" />
    <option name="heatupThreshold" value="18" />
    <option name="heatupTime" value="26992" />
    <option name="keyStrokesPerMinute" value="6" />
    <option name="soundsFolder" value="D:\Webstrom\WebStorm 2021.1.2\jbr\bin" />
  </component>
</application>